{
  "list all files": "ls",
  "list all files in detail": "ls -la",
  "show my files": "ls",
  "show hidden files": "ls -la",
  "clear the screen": "clear",
  "where am i": "pwd",
  "what's my path": "pwd",
  "make a directory": "mkdir",
  "create folder": "mkdir",
  "remove a file": "rm",
  "delete file": "rm",
  "copy a file": "cp",
  "move a file": "mv",
  "show file content": "cat",
  "find a file": "find",
  "search for file": "find",
  "disk usage": "du",
  "who am i": "whoami",
  "system info": "sysinfo",
  "sysinfo": "sysinfo",
  "battery status": "battery",
  "zip folder": "zip",
  "unzip file": "unzip",
  "search text": "search",
  "rename bulk": "renamebulk",
  "ping host": "ping",
  "traceroute host": "traceroute",
  "scan port": "scanport",
  "list processes": "ps",
  "processes": "ps",
  "kill process": "kill",
  "word count": "wc",
  "format json": "formatjson"
}
